[{"title":"Project5","list":"tutorial1,tutorial2"},{},{"title":"assignment"},{"title":"ADSA assignment"},{"title":"ADSA assignment2","list":"KMP"},{"id":"7fad0ef3-a650-4b77-a276-a64d04e2ac8c","title":"Project","list":"OS,ADSA"},{"id":"dd8277db-1e72-4d43-a975-2cfa9c7cfce8","title":"Project18","list":"OS,ADSA,RM,dc"},{"id":"c5737d72-c32d-4400-b1c4-c7601904d01f","title":"Project55"},{"id":"6c9a9908-2893-480b-9958-3873245a25a7","title":"Project70"},{"id":"f7db900e-e5a8-4c18-86fb-476fecae27c9","title":"Project100","list":"OS,ADSA,RM,dc"}]